[
  {
    "value": "heart rate",
    "synonyms": [
      "heart rate",
      "heart rates"
    ]
  },
  {
    "value": "max heart rate",
    "synonyms": [
      "maximum heart rate",
      "highest heart rate",
      "highest heart rates",
      "max heart rate"
    ]
  },
  {
    "value": "min heart rate",
    "synonyms": [
      "minimal heart rate",
      "slowest heart rates",
      "slowest heart rate"
    ]
  },
  {
    "value": "steps",
    "synonyms": [
      "steps",
      "walk steps",
      "step",
      "walking steps"
    ]
  },
  {
    "value": "calorie",
    "synonyms": [
      "calorie",
      "calories"
    ]
  },
  {
    "value": "sleep analysis",
    "synonyms": [
      "sleep",
      "sleep analysis",
      "sleep quality",
      "sleeping status"
    ]
  },
  {
    "value": "walking distance",
    "synonyms": [
      "walking distance"
    ]
  },
  {
    "value": "health analysis",
    "synonyms": [
      "health data",
      "health analysis",
      "health level",
      "health status"
    ]
  }
]