[
  {
    "value": "coolwhite",
    "synonyms": [
      "cool",
      "coolwhite",
      "cool white"
    ]
  },
  {
    "value": "cooler",
    "synonyms": [
      "cooler",
      "temperature down",
      "color temperature down"
    ]
  },
  {
    "value": "warmwhite",
    "synonyms": [
      "warm",
      "soft",
      "warmwhite",
      "warm white",
      "soft white",
      "softwhite"
    ]
  },
  {
    "value": "warmer",
    "synonyms": [
      "warmer",
      "softer",
      "temperature up",
      "color temperature up"
    ]
  },
  {
    "value": "whitesmode",
    "synonyms": [
      "whites mode",
      "white lighting",
      "white",
      "white light"
    ]
  },
  {
    "value": "neutralwhite",
    "synonyms": [
      "neutral",
      "neutral light",
      "neutral white"
    ]
  }
]