[
  {
    "value": "dim",
    "synonyms": [
      "dim",
      "dimming",
      "turn down",
      "dimmer",
      "dim down",
      "darken",
      "turned down",
      "dimmed"
    ]
  },
  {
    "value": "by",
    "synonyms": [
      "by"
    ]
  },
  {
    "value": "brighter",
    "synonyms": [
      "brighter",
      "better light",
      "lighten",
      "turn up",
      "lighten",
      "light up",
      "light it up"
    ]
  },
  {
    "value": "brightness",
    "synonyms": [
      "brightness"
    ]
  },
  {
    "value": "brightest",
    "synonyms": [
      "brightest",
      "maximum"
    ]
  }
]