[
  {
    "id": "4cd272e8-28c5-4d61-9af0-34958c6c28d7",
    "data": [
      {
        "text": "spider-man",
        "alias": "MovieName",
        "meta": "@MovieName",
        "userDefined": false
      },
      {
        "text": " rating",
        "userDefined": false
      }
    ],
    "isTemplate": false,
    "count": 0
  },
  {
    "id": "79dccf44-26ed-47d7-8c96-a99215ecdf4c",
    "data": [
      {
        "text": "give me the rating of ",
        "userDefined": false
      },
      {
        "text": "Titanic",
        "alias": "MovieName",
        "meta": "@MovieName",
        "userDefined": false
      }
    ],
    "isTemplate": false,
    "count": 0
  },
  {
    "id": "5e9a5b54-4d89-429e-8290-74a81a40eaa1",
    "data": [
      {
        "text": "tell me the rating of ",
        "userDefined": false
      },
      {
        "text": "Green Book",
        "alias": "MovieName",
        "meta": "@MovieName",
        "userDefined": false
      }
    ],
    "isTemplate": false,
    "count": 0
  },
  {
    "id": "27924432-782e-44d8-9552-4af6ce64d3c1",
    "data": [
      {
        "text": "rates of ",
        "userDefined": false
      },
      {
        "text": "spider-man",
        "alias": "MovieName",
        "meta": "@MovieName",
        "userDefined": false
      }
    ],
    "isTemplate": false,
    "count": 0
  },
  {
    "id": "88d2ad07-66c2-4c54-b77f-8c2129f9f1ba",
    "data": [
      {
        "text": "rating of ",
        "userDefined": false
      },
      {
        "text": "Green Book",
        "alias": "MovieName",
        "meta": "@MovieName",
        "userDefined": false
      }
    ],
    "isTemplate": false,
    "count": 0
  },
  {
    "id": "febef220-f24e-4ba1-8bfa-6df9fa748a09",
    "data": [
      {
        "text": "what\u0027s the ",
        "userDefined": false
      },
      {
        "text": "spider-man",
        "alias": "MovieName",
        "meta": "@MovieName",
        "userDefined": false
      },
      {
        "text": "\u0027s rating",
        "userDefined": false
      }
    ],
    "isTemplate": false,
    "count": 0
  },
  {
    "id": "e685e63c-9af9-4018-b2ff-a50954ef976b",
    "data": [
      {
        "text": "what is the rating of ",
        "userDefined": false
      },
      {
        "text": "spider-man",
        "alias": "MovieName",
        "meta": "@MovieName",
        "userDefined": false
      }
    ],
    "isTemplate": false,
    "count": 0
  },
  {
    "id": "fa67bf23-814a-4c0e-b734-f6c5b50102a3",
    "data": [
      {
        "text": "How\u0027s ",
        "userDefined": false
      },
      {
        "text": "Lola",
        "alias": "MovieName",
        "meta": "@MovieName",
        "userDefined": false
      },
      {
        "text": " ratings in online movie review websites？",
        "userDefined": false
      }
    ],
    "isTemplate": false,
    "count": 0
  },
  {
    "id": "a0a4ea09-5aa5-472f-84e5-6833d92a5080",
    "data": [
      {
        "text": "Can I see all the scores for ",
        "userDefined": false
      },
      {
        "text": "The Castle",
        "alias": "MovieName",
        "meta": "@MovieName",
        "userDefined": true
      },
      {
        "text": "？",
        "userDefined": false
      }
    ],
    "isTemplate": false,
    "count": 0
  }
]