[
  {
    "id": "6654371a-48c6-436b-8cc7-22060e30a135",
    "data": [
      {
        "text": "the ",
        "userDefined": false
      },
      {
        "text": "batman",
        "alias": "MovieName",
        "meta": "@MovieName",
        "userDefined": false
      },
      {
        "text": " plot",
        "userDefined": false
      }
    ],
    "isTemplate": false,
    "count": 0
  },
  {
    "id": "6357ac5c-2a14-412d-8d99-9c8a827f829c",
    "data": [
      {
        "text": "information about the plot of ",
        "userDefined": false
      },
      {
        "text": "spider-man",
        "alias": "MovieName",
        "meta": "@MovieName",
        "userDefined": false
      }
    ],
    "isTemplate": false,
    "count": 0
  },
  {
    "id": "8758c4ad-19f0-4b68-9d35-a06ba52e0969",
    "data": [
      {
        "text": "what is the plot of ",
        "userDefined": false
      },
      {
        "text": "spider-man",
        "alias": "MovieName",
        "meta": "@MovieName",
        "userDefined": false
      }
    ],
    "isTemplate": false,
    "count": 0
  },
  {
    "id": "2ec07ebc-d072-4610-bbff-cf96b1c552b8",
    "data": [
      {
        "text": "tell me the plot of ",
        "userDefined": false
      },
      {
        "text": "green book",
        "alias": "MovieName",
        "meta": "@MovieName",
        "userDefined": false
      }
    ],
    "isTemplate": false,
    "count": 0
  },
  {
    "id": "77c34cfe-5ea0-466e-8839-d72f25d397b2",
    "data": [
      {
        "text": "give me the plot of ",
        "userDefined": false
      },
      {
        "text": "spider-man",
        "alias": "MovieName",
        "meta": "@MovieName",
        "userDefined": false
      }
    ],
    "isTemplate": false,
    "count": 0
  },
  {
    "id": "0c7d026c-9fc5-40ce-b1d2-4df717f491ca",
    "data": [
      {
        "text": "the me the plot of ",
        "userDefined": false
      },
      {
        "text": "captain marvel",
        "alias": "MovieName",
        "meta": "@MovieName",
        "userDefined": false
      }
    ],
    "isTemplate": false,
    "count": 0
  },
  {
    "id": "b6e00f71-a76c-4485-aec5-04a1fc099f6b",
    "data": [
      {
        "text": "plot of ",
        "userDefined": false
      },
      {
        "text": "captain marvel",
        "alias": "MovieName",
        "meta": "@MovieName",
        "userDefined": false
      }
    ],
    "isTemplate": false,
    "count": 0
  },
  {
    "id": "63c57587-f509-47d6-9ef8-3df12cc2a542",
    "data": [
      {
        "text": "What does ",
        "userDefined": false
      },
      {
        "text": "Batman",
        "alias": "MovieName",
        "meta": "@MovieName",
        "userDefined": false
      },
      {
        "text": " tell?",
        "userDefined": false
      }
    ],
    "isTemplate": false,
    "count": 0
  },
  {
    "id": "aedf6f49-0a37-4171-b6ee-edabd85f35b9",
    "data": [
      {
        "text": " What does ",
        "userDefined": false
      },
      {
        "text": "Batman",
        "alias": "MovieName",
        "meta": "@MovieName",
        "userDefined": true
      },
      {
        "text": " tell?",
        "userDefined": false
      }
    ],
    "isTemplate": false,
    "count": 0
  },
  {
    "id": "44aec0d3-db89-4885-b7e1-247ff597399c",
    "data": [
      {
        "text": "what\u0027s the story of ",
        "userDefined": false
      },
      {
        "text": "spider-man",
        "alias": "MovieName",
        "meta": "@MovieName",
        "userDefined": false
      }
    ],
    "isTemplate": false,
    "count": 0
  },
  {
    "id": "683253e5-9ac1-4271-aa8b-59861fafb48d",
    "data": [
      {
        "text": "what is the story in ",
        "userDefined": false
      },
      {
        "text": "Muriel\u0027s Wedding",
        "alias": "MovieName",
        "meta": "@MovieName",
        "userDefined": false
      },
      {
        "text": "?",
        "userDefined": false
      }
    ],
    "isTemplate": false,
    "count": 0
  }
]