[
  {
    "id": "1a3f1b22-ef48-4b64-a3db-19d6c07e9fcb",
    "data": [
      {
        "text": "information about the writer of ",
        "userDefined": false
      },
      {
        "text": "green book",
        "alias": "MovieName",
        "meta": "@MovieName",
        "userDefined": false
      }
    ],
    "isTemplate": false,
    "count": 0
  },
  {
    "id": "32c5990a-3110-4c3f-b2d4-941f98222109",
    "data": [
      {
        "text": "writer of ",
        "userDefined": false
      },
      {
        "text": "green book",
        "alias": "MovieName",
        "meta": "@MovieName",
        "userDefined": false
      }
    ],
    "isTemplate": false,
    "count": 0
  },
  {
    "id": "2bbb3f14-4f8b-4104-862f-301661dc13ea",
    "data": [
      {
        "text": "tell me the writer of ",
        "userDefined": false
      },
      {
        "text": "green book",
        "alias": "MovieName",
        "meta": "@MovieName",
        "userDefined": false
      }
    ],
    "isTemplate": false,
    "count": 0
  },
  {
    "id": "92e3bfed-aec6-4ce0-a37b-b78d1ff23c2d",
    "data": [
      {
        "text": "who",
        "meta": "@sys.ignore",
        "userDefined": false
      },
      {
        "text": " writes the ",
        "userDefined": false
      },
      {
        "text": "spider-man",
        "alias": "MovieName",
        "meta": "@MovieName",
        "userDefined": false
      }
    ],
    "isTemplate": false,
    "count": 0
  },
  {
    "id": "c78dd019-6569-4c98-bca9-3165a3355fe7",
    "data": [
      {
        "text": "who is the writer of ",
        "userDefined": false
      },
      {
        "text": "spider-man",
        "alias": "MovieName",
        "meta": "@MovieName",
        "userDefined": false
      }
    ],
    "isTemplate": false,
    "count": 0
  },
  {
    "id": "537e0d22-6e82-4c3c-aa91-46d0ae8a17e4",
    "data": [
      {
        "text": "Can you tell me the ",
        "userDefined": false
      },
      {
        "text": "writers",
        "meta": "@sys.ignore",
        "userDefined": false
      },
      {
        "text": " of ",
        "userDefined": false
      },
      {
        "text": "12 Angry Men",
        "alias": "MovieName",
        "meta": "@MovieName",
        "userDefined": false
      },
      {
        "text": "?",
        "userDefined": false
      }
    ],
    "isTemplate": false,
    "count": 0
  },
  {
    "id": "a1b8d5e8-4049-4f99-82e8-868e275599da",
    "data": [
      {
        "text": "who wrote ",
        "userDefined": false
      },
      {
        "text": "the girls trip",
        "alias": "MovieName",
        "meta": "@MovieName",
        "userDefined": true
      },
      {
        "text": "?",
        "userDefined": false
      }
    ],
    "isTemplate": false,
    "count": 0
  },
  {
    "id": "dd0fc80d-f833-4927-95af-eeb8fc74f3e9",
    "data": [
      {
        "text": "who is ",
        "userDefined": false
      },
      {
        "text": "screenwriter",
        "meta": "@sys.ignore",
        "userDefined": false
      },
      {
        "text": " of ",
        "userDefined": false
      },
      {
        "text": "Animal Kingdom",
        "alias": "MovieName",
        "meta": "@MovieName",
        "userDefined": false
      },
      {
        "text": "?",
        "userDefined": false
      }
    ],
    "isTemplate": false,
    "count": 0
  },
  {
    "id": "e1eeac20-4c2f-41f0-8bfc-9a2a990fd893",
    "data": [
      {
        "text": "who are  writer in ",
        "userDefined": false
      },
      {
        "text": "batman",
        "alias": "MovieName",
        "meta": "@MovieName",
        "userDefined": true
      },
      {
        "text": " and ",
        "userDefined": false
      },
      {
        "text": "frozen",
        "alias": "MovieName",
        "meta": "@MovieName",
        "userDefined": true
      },
      {
        "text": "?",
        "userDefined": false
      }
    ],
    "isTemplate": false,
    "count": 0
  }
]