[
  {
    "id": "64893a65-43ca-478c-99cb-5bf545900311",
    "data": [
      {
        "text": "how about ",
        "userDefined": false
      },
      {
        "text": "batman",
        "alias": "MovieName",
        "meta": "@MovieName",
        "userDefined": false
      }
    ],
    "isTemplate": false,
    "count": 0
  },
  {
    "id": "2b6d6a05-a9ec-4e1b-833d-ced2027c1a1b",
    "data": [
      {
        "text": "how ",
        "userDefined": false
      },
      {
        "text": "about",
        "meta": "@sys.ignore",
        "userDefined": false
      },
      {
        "text": " ",
        "userDefined": false
      },
      {
        "text": "Titanic",
        "alias": "MovieName",
        "meta": "@MovieName",
        "userDefined": false
      },
      {
        "text": "?",
        "userDefined": false
      }
    ],
    "isTemplate": false,
    "count": 0
  },
  {
    "id": "53e43928-f41e-46ac-b052-b65780d1a1b8",
    "data": [
      {
        "text": "how ",
        "userDefined": false
      },
      {
        "text": "about",
        "meta": "@sys.ignore",
        "userDefined": false
      },
      {
        "text": " ",
        "userDefined": false
      },
      {
        "text": "spider-man",
        "alias": "MovieName",
        "meta": "@MovieName",
        "userDefined": false
      }
    ],
    "isTemplate": false,
    "count": 0
  },
  {
    "id": "d70f25c6-7bc0-4583-9b24-d548b8d5c84d",
    "data": [
      {
        "text": "what ",
        "userDefined": false
      },
      {
        "text": "about",
        "meta": "@sys.ignore",
        "userDefined": false
      },
      {
        "text": " ",
        "userDefined": false
      },
      {
        "text": "sex and the city 2",
        "alias": "MovieName",
        "meta": "@MovieName",
        "userDefined": false
      },
      {
        "text": "?",
        "userDefined": false
      }
    ],
    "isTemplate": false,
    "count": 0
  },
  {
    "id": "52b1f92e-0cb8-4a37-8733-3fd1e5637beb",
    "data": [
      {
        "text": "and ",
        "userDefined": false
      },
      {
        "text": "Spider-man",
        "alias": "MovieName",
        "meta": "@MovieName",
        "userDefined": false
      },
      {
        "text": "?",
        "userDefined": false
      }
    ],
    "isTemplate": false,
    "count": 0
  }
]