[
  {
    "id": "3dd2b7ca-ec4a-4305-b369-f84b4b64b048",
    "data": [
      {
        "text": "genre of X-man",
        "userDefined": false
      }
    ],
    "isTemplate": false,
    "count": 0
  },
  {
    "id": "d6cd5532-b3fa-476b-bc6a-f8f31ac298a7",
    "data": [
      {
        "text": "genre of ",
        "userDefined": false
      },
      {
        "text": "batman",
        "meta": "@sys.ignore",
        "userDefined": false
      }
    ],
    "isTemplate": false,
    "count": 0
  },
  {
    "id": "3844bb19-7df7-4664-bcfe-cf4cd729b387",
    "data": [
      {
        "text": "type of ",
        "userDefined": false
      },
      {
        "text": "spider-man",
        "meta": "@sys.ignore",
        "userDefined": false
      }
    ],
    "isTemplate": false,
    "count": 0
  },
  {
    "id": "a3f44513-de91-4252-ad03-db199f709b39",
    "data": [
      {
        "text": "tell me the genre of ",
        "userDefined": false
      },
      {
        "text": "green book",
        "meta": "@sys.ignore",
        "userDefined": false
      }
    ],
    "isTemplate": false,
    "count": 0
  },
  {
    "id": "a14dc7f2-024c-472f-ba23-740dc355c52c",
    "data": [
      {
        "text": "tell me the type of ",
        "userDefined": false
      },
      {
        "text": "Lola",
        "meta": "@sys.ignore",
        "userDefined": false
      }
    ],
    "isTemplate": false,
    "count": 0
  },
  {
    "id": "1f667b78-fcd1-4dd7-a377-9a0e9fc6f09a",
    "data": [
      {
        "text": "give me the  type of ",
        "userDefined": false
      },
      {
        "text": "batman",
        "meta": "@sys.ignore",
        "userDefined": false
      }
    ],
    "isTemplate": false,
    "count": 0
  },
  {
    "id": "3bfd1036-0033-4be1-b6f7-da4a8346baa9",
    "data": [
      {
        "text": "give me the genre of ",
        "userDefined": false
      },
      {
        "text": "batman",
        "meta": "@sys.ignore",
        "userDefined": false
      }
    ],
    "isTemplate": false,
    "count": 0
  },
  {
    "id": "2f8503f1-7c2b-4203-bf7d-029a9870d93c",
    "data": [
      {
        "text": "which type of movie is ",
        "userDefined": false
      },
      {
        "text": "Green Book",
        "meta": "@sys.ignore",
        "userDefined": false
      },
      {
        "text": " belongs to",
        "userDefined": false
      }
    ],
    "isTemplate": false,
    "count": 0
  },
  {
    "id": "533240d3-27bf-482d-845e-2d5456434b62",
    "data": [
      {
        "text": "What",
        "meta": "@sys.ignore",
        "userDefined": false
      },
      {
        "text": " kinds of movie is ",
        "userDefined": false
      },
      {
        "text": "Lola",
        "meta": "@sys.ignore",
        "userDefined": false
      }
    ],
    "isTemplate": false,
    "count": 0
  },
  {
    "id": "e34d87f7-543a-4045-9c61-6642896326a6",
    "data": [
      {
        "text": "what",
        "meta": "@sys.ignore",
        "userDefined": false
      },
      {
        "text": " kind of movie ",
        "userDefined": false
      },
      {
        "text": "spider-man",
        "meta": "@sys.ignore",
        "userDefined": false
      },
      {
        "text": " is",
        "userDefined": false
      }
    ],
    "isTemplate": false,
    "count": 0
  },
  {
    "id": "b830d189-3cce-4257-b69b-0d23880f8129",
    "data": [
      {
        "text": "the genre of ",
        "userDefined": false
      },
      {
        "text": "skyscraper",
        "alias": "MovieName",
        "meta": "@MovieName",
        "userDefined": false
      }
    ],
    "isTemplate": false,
    "count": 0
  },
  {
    "id": "6521462b-5175-4b3a-aeb3-a5510a92c157",
    "data": [
      {
        "text": "the genre of ",
        "userDefined": false
      },
      {
        "text": "Harry",
        "meta": "@sys.ignore",
        "userDefined": false
      },
      {
        "text": " Poter",
        "userDefined": false
      }
    ],
    "isTemplate": false,
    "count": 0
  },
  {
    "id": "f18c1211-8ff1-493c-964b-7c5d0322e053",
    "data": [
      {
        "text": "the genre of Aquaman",
        "userDefined": false
      }
    ],
    "isTemplate": false,
    "count": 0
  },
  {
    "id": "0bc9fa26-d5a1-4648-b512-c0387aed851d",
    "data": [
      {
        "text": "the genre of ",
        "userDefined": false
      },
      {
        "text": "Captian Marvel",
        "meta": "@sys.ignore",
        "userDefined": false
      }
    ],
    "isTemplate": false,
    "count": 0
  },
  {
    "id": "47ad549f-2396-4598-b13f-c3bbf084a8db",
    "data": [
      {
        "text": "what",
        "meta": "@sys.ignore",
        "userDefined": false
      },
      {
        "text": " kind of movie is ",
        "userDefined": false
      },
      {
        "text": "New York, New York",
        "meta": "@sys.ignore",
        "userDefined": false
      },
      {
        "text": "?",
        "userDefined": false
      }
    ],
    "isTemplate": false,
    "count": 0
  },
  {
    "id": "129bcc89-e610-45a3-a495-686a12e3adba",
    "data": [
      {
        "text": "what is genre of ",
        "userDefined": false
      },
      {
        "text": "Lola",
        "meta": "@sys.ignore",
        "userDefined": true
      },
      {
        "text": "？",
        "userDefined": false
      }
    ],
    "isTemplate": false,
    "count": 0
  },
  {
    "id": "e455939d-faa0-4b9c-b673-0ac2a0487972",
    "data": [
      {
        "text": "what",
        "meta": "@sys.ignore",
        "userDefined": false
      },
      {
        "text": " type of movie is ",
        "userDefined": false
      },
      {
        "text": "F for Fake",
        "meta": "@sys.ignore",
        "userDefined": false
      },
      {
        "text": "?",
        "userDefined": false
      }
    ],
    "isTemplate": false,
    "count": 1
  },
  {
    "id": "135bed93-1cd4-4735-bf29-bd490c475cb3",
    "data": [
      {
        "text": "what kinds of movie is ",
        "userDefined": false
      },
      {
        "text": "The End",
        "meta": "@sys.ignore",
        "userDefined": true
      },
      {
        "text": "?",
        "userDefined": false
      }
    ],
    "isTemplate": false,
    "count": 0
  },
  {
    "id": "f1129389-f092-4ebc-801d-b6c25e85d630",
    "data": [
      {
        "text": "what",
        "meta": "@sys.ignore",
        "userDefined": false
      },
      {
        "text": " variety of movie is ",
        "userDefined": false
      },
      {
        "text": "The Lord of the Rings",
        "meta": "@sys.ignore",
        "userDefined": false
      },
      {
        "text": "?",
        "userDefined": false
      }
    ],
    "isTemplate": false,
    "count": 0
  }
]