[
  {
    "id": "5c143024-ed79-44d6-8be2-b00ea3b37965",
    "data": [
      {
        "text": "give me the actor of ",
        "userDefined": false
      },
      {
        "text": "captain marvel",
        "alias": "MovieName",
        "meta": "@MovieName",
        "userDefined": false
      }
    ],
    "isTemplate": false,
    "count": 1
  },
  {
    "id": "efeb7d55-7512-4dd6-bfcc-a17faff19b23",
    "data": [
      {
        "text": "What are ",
        "userDefined": false
      },
      {
        "text": "the stars",
        "meta": "@sys.ignore",
        "userDefined": false
      },
      {
        "text": " of ",
        "userDefined": false
      },
      {
        "text": "spider-man",
        "alias": "MovieName",
        "meta": "@MovieName",
        "userDefined": false
      }
    ],
    "isTemplate": false,
    "count": 0
  },
  {
    "id": "cd40fd1c-ab71-4857-a2d1-9f001ea9b18b",
    "data": [
      {
        "text": "Who\u0027s the actor in ",
        "userDefined": false
      },
      {
        "text": "spider-man",
        "alias": "MovieName",
        "meta": "@MovieName",
        "userDefined": false
      }
    ],
    "isTemplate": false,
    "count": 0
  },
  {
    "id": "c5ecf2ae-2697-42af-8dce-25193af44fd6",
    "data": [
      {
        "text": "information about actor of ",
        "userDefined": false
      },
      {
        "text": "green book",
        "alias": "MovieName",
        "meta": "@MovieName",
        "userDefined": false
      }
    ],
    "isTemplate": false,
    "count": 0
  },
  {
    "id": "2d46b151-598b-4d60-b2fd-d28c36051a7c",
    "data": [
      {
        "text": "tell me the actor of ",
        "userDefined": false
      },
      {
        "text": "Green Book",
        "alias": "MovieName",
        "meta": "@MovieName",
        "userDefined": false
      }
    ],
    "isTemplate": false,
    "count": 0
  },
  {
    "id": "6637b8a3-398e-4649-b799-04109c173f6b",
    "data": [
      {
        "text": "actress of ",
        "userDefined": false
      },
      {
        "text": "spider-man",
        "alias": "MovieName",
        "meta": "@MovieName",
        "userDefined": false
      }
    ],
    "isTemplate": false,
    "count": 0
  },
  {
    "id": "74cec5da-07d4-4a51-8a9d-b5e558e545ba",
    "data": [
      {
        "text": "actor of ",
        "userDefined": false
      },
      {
        "text": "Lola",
        "alias": "MovieName",
        "meta": "@MovieName",
        "userDefined": false
      }
    ],
    "isTemplate": false,
    "count": 0
  },
  {
    "id": "cb08307a-2eba-4d42-97c3-98dc74446c67",
    "data": [
      {
        "text": "who",
        "meta": "@sys.ignore",
        "userDefined": false
      },
      {
        "text": " performs in ",
        "userDefined": false
      },
      {
        "text": "Green Book",
        "alias": "MovieName",
        "meta": "@MovieName",
        "userDefined": false
      }
    ],
    "isTemplate": false,
    "count": 0
  },
  {
    "id": "969c9aef-ed67-485b-b320-7c3305612dd2",
    "data": [
      {
        "text": "who is performed in ",
        "userDefined": false
      },
      {
        "text": "spider-man",
        "alias": "MovieName",
        "meta": "@MovieName",
        "userDefined": false
      }
    ],
    "isTemplate": false,
    "count": 0
  },
  {
    "id": "858a5f6e-1b5d-4d2c-8392-8fef615a0d44",
    "data": [
      {
        "text": "who is the actor of ",
        "userDefined": false
      },
      {
        "text": "spider-man",
        "alias": "MovieName",
        "meta": "@MovieName",
        "userDefined": false
      }
    ],
    "isTemplate": false,
    "count": 0
  },
  {
    "id": "4f792e59-5ead-4de7-80fb-ae579fdd7246",
    "data": [
      {
        "text": "Who",
        "meta": "@sys.ignore",
        "userDefined": false
      },
      {
        "text": " ",
        "userDefined": false
      },
      {
        "text": "stars",
        "meta": "@sys.ignore",
        "userDefined": false
      },
      {
        "text": " in ",
        "userDefined": false
      },
      {
        "text": "A Night at the Opera",
        "alias": "MovieName",
        "meta": "@MovieName",
        "userDefined": false
      },
      {
        "text": "?",
        "userDefined": false
      }
    ],
    "isTemplate": false,
    "count": 1
  },
  {
    "id": "a90cefee-a8d7-4cf7-ada1-82fd09d02119",
    "data": [
      {
        "text": "who is ",
        "userDefined": false
      },
      {
        "text": "the star",
        "meta": "@sys.ignore",
        "userDefined": false
      },
      {
        "text": " in ",
        "userDefined": false
      },
      {
        "text": "godfather",
        "alias": "MovieName",
        "meta": "@MovieName",
        "userDefined": false
      },
      {
        "text": "?",
        "userDefined": false
      }
    ],
    "isTemplate": false,
    "count": 0
  },
  {
    "id": "ab6e18dc-46e6-484e-9306-4c1d191719c6",
    "data": [
      {
        "text": "who is in the ",
        "userDefined": false
      },
      {
        "text": "spider-man",
        "alias": "MovieName",
        "meta": "@MovieName",
        "userDefined": false
      }
    ],
    "isTemplate": false,
    "count": 0
  }
]