[
  {
    "id": "d6b367c4-133b-4d43-96d7-2add5401fb57",
    "data": [
      {
        "text": "nah",
        "userDefined": false
      }
    ],
    "isTemplate": false,
    "count": 0
  },
  {
    "id": "bfd950fa-20a6-4f01-b7f2-d980f81f68c4",
    "data": [
      {
        "text": "of course not",
        "userDefined": false
      }
    ],
    "isTemplate": false,
    "count": 0
  },
  {
    "id": "4f0ee751-d644-429f-847d-f577c47e9903",
    "data": [
      {
        "text": " uh-uh",
        "userDefined": false
      }
    ],
    "isTemplate": false,
    "count": 0
  },
  {
    "id": "4034657b-e132-45d5-ac0f-8364a53fe4b0",
    "data": [
      {
        "text": "negative",
        "userDefined": false
      }
    ],
    "isTemplate": false,
    "count": 0
  },
  {
    "id": "6033316e-2b13-4297-b100-b608620f3c25",
    "data": [
      {
        "text": "nope",
        "userDefined": false
      }
    ],
    "isTemplate": false,
    "count": 0
  },
  {
    "id": "ca0ecd08-91fe-4eab-ac36-c4999ca049b6",
    "data": [
      {
        "text": "it",
        "meta": "@sys.ignore",
        "userDefined": false
      },
      {
        "text": " isn\u0027t",
        "userDefined": false
      }
    ],
    "isTemplate": false,
    "count": 0
  },
  {
    "id": "cc10b8dd-10b7-4f72-9698-9ce646b1c84e",
    "data": [
      {
        "text": "this is not ",
        "userDefined": false
      },
      {
        "text": "the one",
        "meta": "@sys.ignore",
        "userDefined": false
      }
    ],
    "isTemplate": false,
    "count": 0
  },
  {
    "id": "c2a30fa0-ff4c-4a9e-942d-675fa979ff44",
    "data": [
      {
        "text": "it",
        "meta": "@sys.ignore",
        "userDefined": false
      },
      {
        "text": " is not",
        "userDefined": false
      }
    ],
    "isTemplate": false,
    "count": 0
  },
  {
    "id": "dc8ca147-f2d8-4237-9b00-8a6265ff3156",
    "data": [
      {
        "text": "it\u0027s not",
        "userDefined": false
      }
    ],
    "isTemplate": false,
    "count": 0
  },
  {
    "id": "2ed1d799-ae8a-4ec2-894e-5f9ca63036c9",
    "data": [
      {
        "text": "not ",
        "userDefined": false
      },
      {
        "text": "that one",
        "meta": "@sys.ignore",
        "userDefined": false
      }
    ],
    "isTemplate": false,
    "count": 0
  },
  {
    "id": "e043d917-3608-4233-9be1-e441cd6ddfed",
    "data": [
      {
        "text": "not",
        "userDefined": false
      }
    ],
    "isTemplate": false,
    "count": 0
  },
  {
    "id": "436181e1-0414-4ea5-a175-e07c8a2aec07",
    "data": [
      {
        "text": "not ",
        "userDefined": false
      },
      {
        "text": "this one",
        "meta": "@sys.ignore",
        "userDefined": false
      }
    ],
    "isTemplate": false,
    "count": 0
  },
  {
    "id": "65225998-5f3b-4e1d-88df-64e25f54419a",
    "data": [
      {
        "text": "that\u0027s not I expected",
        "userDefined": false
      }
    ],
    "isTemplate": false,
    "count": 0
  },
  {
    "id": "a2cfebcb-4f67-4aa8-840d-8f25801b3010",
    "data": [
      {
        "text": "not this",
        "userDefined": false
      }
    ],
    "isTemplate": false,
    "count": 0
  },
  {
    "id": "bc8755bb-59ab-4c2c-90f1-b22efdf30f8d",
    "data": [
      {
        "text": "not this movie",
        "userDefined": false
      }
    ],
    "isTemplate": false,
    "count": 0
  },
  {
    "id": "8db3f50d-0b49-40ea-8681-b67aa71a7fd5",
    "data": [
      {
        "text": "not really",
        "userDefined": false
      }
    ],
    "isTemplate": false,
    "count": 0
  },
  {
    "id": "3918d47f-b154-4216-b0be-07495dea4ac3",
    "data": [
      {
        "text": "no",
        "userDefined": false
      }
    ],
    "isTemplate": false,
    "count": 0
  }
]