[
  {
    "id": "06d55936-415c-4ebe-997a-df75a34b5781",
    "data": [
      {
        "text": "what",
        "meta": "@sys.ignore",
        "userDefined": false
      },
      {
        "text": " about ",
        "userDefined": false
      },
      {
        "text": "last night",
        "alias": "date-time",
        "meta": "@sys.date-time",
        "userDefined": true
      }
    ],
    "isTemplate": false,
    "count": 0
  },
  {
    "id": "1dfcd22a-04fb-4afb-8ae6-f4646f7cbc0e",
    "data": [
      {
        "text": "how about ",
        "userDefined": false
      },
      {
        "text": "last night",
        "alias": "date-time",
        "meta": "@sys.date-time",
        "userDefined": true
      }
    ],
    "isTemplate": false,
    "count": 0
  },
  {
    "id": "0ea311b3-6216-4bab-818e-bffd0574eccf",
    "data": [
      {
        "text": "and ",
        "userDefined": false
      },
      {
        "text": "the day before yesterday?",
        "alias": "date-time",
        "meta": "@sys.date-time",
        "userDefined": false
      }
    ],
    "isTemplate": false,
    "count": 0
  },
  {
    "id": "dcbd0871-a9eb-44bd-8edb-37914a98fb93",
    "data": [
      {
        "text": "how ",
        "userDefined": false
      },
      {
        "text": "about",
        "meta": "@sys.ignore",
        "userDefined": false
      },
      {
        "text": " ",
        "userDefined": false
      },
      {
        "text": "yesterday",
        "alias": "date-time",
        "meta": "@sys.date-time",
        "userDefined": true
      }
    ],
    "isTemplate": false,
    "count": 0
  },
  {
    "id": "57d1ef00-584e-47a0-b186-8fa394cc4980",
    "data": [
      {
        "text": "and ",
        "userDefined": false
      },
      {
        "text": "this week",
        "alias": "date-time",
        "meta": "@sys.date-time",
        "userDefined": false
      },
      {
        "text": "?",
        "userDefined": false
      }
    ],
    "isTemplate": false,
    "count": 0
  },
  {
    "id": "5c14550b-3373-4cc7-8b8a-a309aac3440d",
    "data": [
      {
        "text": "what",
        "meta": "@sys.ignore",
        "userDefined": false
      },
      {
        "text": " ",
        "userDefined": false
      },
      {
        "text": "about",
        "meta": "@sys.ignore",
        "userDefined": false
      },
      {
        "text": " ",
        "userDefined": false
      },
      {
        "text": "this month",
        "alias": "date-time",
        "meta": "@sys.date-time",
        "userDefined": false
      }
    ],
    "isTemplate": false,
    "count": 0
  },
  {
    "id": "0888d478-268d-41c3-b011-9bdc05ab28b3",
    "data": [
      {
        "text": "how ",
        "userDefined": false
      },
      {
        "text": "about",
        "meta": "@sys.ignore",
        "userDefined": false
      },
      {
        "text": " ",
        "userDefined": false
      },
      {
        "text": "today",
        "alias": "date-time",
        "meta": "@sys.date-time",
        "userDefined": true
      }
    ],
    "isTemplate": false,
    "count": 0
  },
  {
    "id": "b6847636-1537-41a2-bbc2-b8d2162b3abe",
    "data": [
      {
        "text": "how ",
        "userDefined": false
      },
      {
        "text": "about",
        "meta": "@sys.ignore",
        "userDefined": false
      },
      {
        "text": " ",
        "userDefined": false
      },
      {
        "text": "last week",
        "alias": "date-time",
        "meta": "@sys.date-time",
        "userDefined": false
      }
    ],
    "isTemplate": false,
    "count": 0
  }
]