[
  {
    "id": "3c723b05-ca8d-49e2-b9f3-ecb622988217",
    "data": [
      {
        "text": "turn on",
        "alias": "LightOnOff",
        "meta": "@LightOnOff",
        "userDefined": false
      },
      {
        "text": " the light with ",
        "userDefined": false
      },
      {
        "text": "cool white",
        "alias": "LightWhitesTune",
        "meta": "@LightWhitesTune",
        "userDefined": false
      },
      {
        "text": " mode",
        "userDefined": false
      }
    ],
    "isTemplate": false,
    "count": 0
  },
  {
    "id": "890628c4-50a8-491c-bd92-60fd223a7269",
    "data": [
      {
        "text": "turn the ",
        "userDefined": false
      },
      {
        "text": "light on",
        "alias": "LightOnOff",
        "meta": "@LightOnOff",
        "userDefined": false
      },
      {
        "text": " ",
        "userDefined": false
      },
      {
        "text": "to",
        "meta": "@sys.ignore",
        "userDefined": false
      },
      {
        "text": " a ",
        "userDefined": false
      },
      {
        "text": "pale blue",
        "alias": "LightColor",
        "meta": "@sys.color",
        "userDefined": false
      },
      {
        "text": " ",
        "userDefined": false
      },
      {
        "text": "at",
        "meta": "@sys.ignore",
        "userDefined": false
      },
      {
        "text": " ",
        "userDefined": false
      },
      {
        "text": "50%",
        "alias": "LightBrightnessPercentage",
        "meta": "@sys.percentage",
        "userDefined": false
      },
      {
        "text": " ",
        "userDefined": false
      },
      {
        "text": "brightness",
        "alias": "LightBrightness",
        "meta": "@LightBrightness",
        "userDefined": false
      },
      {
        "text": ".",
        "userDefined": false
      }
    ],
    "isTemplate": false,
    "count": 0
  },
  {
    "id": "dcdcd747-cca7-44c3-af24-9e68120cd20e",
    "data": [
      {
        "text": "turn the ",
        "userDefined": false
      },
      {
        "text": "light off",
        "alias": "LightOnOff",
        "meta": "@LightOnOff",
        "userDefined": false
      }
    ],
    "isTemplate": false,
    "count": 1
  },
  {
    "id": "94ebac19-27bd-4f5d-bb1a-a46e0d73dce2",
    "data": [
      {
        "text": "switch",
        "meta": "@sys.ignore",
        "userDefined": false
      },
      {
        "text": " ",
        "userDefined": false
      },
      {
        "text": "it",
        "meta": "@sys.ignore",
        "userDefined": false
      },
      {
        "text": " ",
        "userDefined": false
      },
      {
        "text": "to",
        "meta": "@sys.ignore",
        "userDefined": false
      },
      {
        "text": " ",
        "userDefined": false
      },
      {
        "text": "40 percent",
        "alias": "LightBrightnessPercentage",
        "meta": "@sys.percentage",
        "userDefined": false
      },
      {
        "text": " ",
        "userDefined": false
      },
      {
        "text": "brightness",
        "alias": "LightBrightness",
        "meta": "@LightBrightness",
        "userDefined": false
      },
      {
        "text": " and set ",
        "userDefined": false
      },
      {
        "text": "it",
        "meta": "@sys.ignore",
        "userDefined": false
      },
      {
        "text": " ",
        "userDefined": false
      },
      {
        "text": "to",
        "meta": "@sys.ignore",
        "userDefined": false
      },
      {
        "text": " ",
        "userDefined": false
      },
      {
        "text": "purple",
        "alias": "LightColor",
        "meta": "@sys.color",
        "userDefined": false
      },
      {
        "text": " light",
        "userDefined": false
      }
    ],
    "isTemplate": false,
    "count": 0
  },
  {
    "id": "9b9521ef-7a7f-47d3-ad5e-40182fba23da",
    "data": [
      {
        "text": "turn off",
        "alias": "LightOnOff",
        "meta": "@LightOnOff",
        "userDefined": false
      },
      {
        "text": " the light",
        "userDefined": false
      }
    ],
    "isTemplate": false,
    "count": 0
  },
  {
    "id": "4f200258-a8c0-4540-8a7c-e4f98890a5b0",
    "data": [
      {
        "text": "Turn on",
        "alias": "LightOnOff",
        "meta": "@LightOnOff",
        "userDefined": false
      },
      {
        "text": " the desk light  and set it to ",
        "userDefined": false
      },
      {
        "text": "orange",
        "alias": "LightColor",
        "meta": "@sys.color",
        "userDefined": true
      }
    ],
    "isTemplate": false,
    "count": 1
  },
  {
    "id": "591f42fd-86bc-4b37-8422-e87a699bdc6c",
    "data": [
      {
        "text": "switch on",
        "alias": "LightOnOff",
        "meta": "@LightOnOff",
        "userDefined": true
      },
      {
        "text": " the light",
        "userDefined": false
      }
    ],
    "isTemplate": false,
    "count": 0
  },
  {
    "id": "dbdfdb5d-038d-4f1a-a6c1-1d617a45407e",
    "data": [
      {
        "text": "turn on",
        "alias": "LightOnOff",
        "meta": "@LightOnOff",
        "userDefined": true
      },
      {
        "text": " the light at ",
        "userDefined": false
      },
      {
        "text": "60%",
        "alias": "LightBrightnessPercentage",
        "meta": "@sys.percentage",
        "userDefined": false
      },
      {
        "text": " ",
        "userDefined": false
      },
      {
        "text": "brightness",
        "alias": "LightBrightness",
        "meta": "@LightBrightness",
        "userDefined": false
      }
    ],
    "isTemplate": false,
    "count": 0
  },
  {
    "id": "71f10a1c-b095-4165-a112-c019f4d6344b",
    "data": [
      {
        "text": "switch off",
        "alias": "LightOnOff",
        "meta": "@LightOnOff",
        "userDefined": true
      },
      {
        "text": " the light",
        "userDefined": false
      }
    ],
    "isTemplate": false,
    "count": 0
  },
  {
    "id": "8108a828-3b25-4946-ad5d-12df61873f31",
    "data": [
      {
        "text": "switch it ",
        "userDefined": false
      },
      {
        "text": "on",
        "alias": "LightOnOff",
        "meta": "@LightOnOff",
        "userDefined": false
      },
      {
        "text": " with ",
        "userDefined": false
      },
      {
        "text": "warm white",
        "alias": "LightWhitesTune",
        "meta": "@LightWhitesTune",
        "userDefined": false
      },
      {
        "text": " mode and set it to ",
        "userDefined": false
      },
      {
        "text": "40 percent",
        "alias": "LightBrightnessPercentage",
        "meta": "@sys.percentage",
        "userDefined": false
      },
      {
        "text": " ",
        "userDefined": false
      },
      {
        "text": "brightness",
        "alias": "LightBrightness",
        "meta": "@LightBrightness",
        "userDefined": false
      }
    ],
    "isTemplate": false,
    "count": 0
  },
  {
    "id": "2841da61-f9e1-42cc-ba9f-0d7405a78803",
    "data": [
      {
        "text": "turn on",
        "alias": "LightOnOff",
        "meta": "@LightOnOff",
        "userDefined": false
      },
      {
        "text": " the visible light",
        "userDefined": false
      }
    ],
    "isTemplate": false,
    "count": 0
  },
  {
    "id": "96d54c91-171a-46f8-8010-65ecacc8001c",
    "data": [
      {
        "text": "switch",
        "meta": "@sys.ignore",
        "userDefined": false
      },
      {
        "text": " the ",
        "userDefined": false
      },
      {
        "text": "light on",
        "alias": "LightOnOff",
        "meta": "@LightOnOff",
        "userDefined": false
      }
    ],
    "isTemplate": false,
    "count": 1
  },
  {
    "id": "e1d1ba7c-fde5-44e9-aa5f-098bb81f71b9",
    "data": [
      {
        "text": "turn on",
        "alias": "LightOnOff",
        "meta": "@LightOnOff",
        "userDefined": true
      },
      {
        "text": " the light with ",
        "userDefined": false
      },
      {
        "text": "60%",
        "alias": "LightBrightnessPercentage",
        "meta": "@sys.percentage",
        "userDefined": false
      },
      {
        "text": " ",
        "userDefined": false
      },
      {
        "text": "brightness",
        "alias": "LightBrightness",
        "meta": "@LightBrightness",
        "userDefined": false
      }
    ],
    "isTemplate": false,
    "count": 0
  },
  {
    "id": "68d9df82-db5f-4bd0-9f68-6fe7ac830085",
    "data": [
      {
        "text": "turn the ",
        "userDefined": false
      },
      {
        "text": "light on",
        "alias": "LightOnOff",
        "meta": "@LightOnOff",
        "userDefined": false
      },
      {
        "text": " ",
        "userDefined": false
      },
      {
        "text": "at",
        "meta": "@sys.ignore",
        "userDefined": false
      },
      {
        "text": " ",
        "userDefined": false
      },
      {
        "text": "70 percent",
        "alias": "LightBrightnessPercentage",
        "meta": "@sys.percentage",
        "userDefined": false
      },
      {
        "text": " ",
        "userDefined": false
      },
      {
        "text": "brightness",
        "alias": "LightBrightness",
        "meta": "@LightBrightness",
        "userDefined": true
      }
    ],
    "isTemplate": false,
    "count": 0
  }
]