[
  {
    "id": "7bdc86e3-44a2-48e7-9dab-dbf507972980",
    "data": [
      {
        "text": "switch off",
        "alias": "LightOnOff",
        "meta": "@LightOnOff",
        "userDefined": true
      },
      {
        "text": " ",
        "userDefined": false
      },
      {
        "text": "it",
        "meta": "@sys.ignore",
        "userDefined": false
      }
    ],
    "isTemplate": false,
    "count": 0
  },
  {
    "id": "7e2ce5d5-e6ba-42f6-91e1-692f7c52c56b",
    "data": [
      {
        "text": "turn it off",
        "alias": "LightOnOff",
        "meta": "@LightOnOff",
        "userDefined": true
      }
    ],
    "isTemplate": false,
    "count": 0
  },
  {
    "id": "4de80225-aec8-4b0f-add0-533c0b2fa64a",
    "data": [
      {
        "text": "turn off",
        "alias": "LightOnOff",
        "meta": "@LightOnOff",
        "userDefined": false
      },
      {
        "text": " ",
        "userDefined": false
      },
      {
        "text": "it",
        "meta": "@sys.ignore",
        "userDefined": false
      }
    ],
    "isTemplate": false,
    "count": 0
  },
  {
    "id": "0bcb260c-0aef-4496-b64b-b094f7569c3c",
    "data": [
      {
        "text": "switch it off",
        "alias": "LightOnOff",
        "meta": "@LightOnOff",
        "userDefined": true
      }
    ],
    "isTemplate": false,
    "count": 0
  }
]