[
  {
    "id": "adb3b250-0ab9-49ab-b174-bf73f2ecff6e",
    "data": [
      {
        "text": "set ",
        "userDefined": false
      },
      {
        "text": "it",
        "meta": "@sys.ignore",
        "userDefined": false
      },
      {
        "text": " to ",
        "userDefined": false
      },
      {
        "text": "red",
        "alias": "LightColor",
        "meta": "@sys.color",
        "userDefined": true
      }
    ],
    "isTemplate": false,
    "count": 0
  },
  {
    "id": "09540a7a-e67a-4434-8896-6b82a8aab095",
    "data": [
      {
        "text": "switch",
        "meta": "@sys.ignore",
        "userDefined": false
      },
      {
        "text": " to ",
        "userDefined": false
      },
      {
        "text": "blue",
        "alias": "LightColor",
        "meta": "@sys.color",
        "userDefined": true
      }
    ],
    "isTemplate": false,
    "count": 0
  },
  {
    "id": "13a73595-1533-4f6b-a74e-55d65d8434c4",
    "data": [
      {
        "text": "set ",
        "userDefined": false
      },
      {
        "text": "it",
        "meta": "@sys.ignore",
        "userDefined": false
      },
      {
        "text": " to ",
        "userDefined": false
      },
      {
        "text": "red",
        "alias": "LightColor",
        "meta": "@sys.color",
        "userDefined": false
      },
      {
        "text": " light",
        "userDefined": false
      }
    ],
    "isTemplate": false,
    "count": 0
  },
  {
    "id": "d4ad248a-7b21-48a2-80bc-8bfedf0048f6",
    "data": [
      {
        "text": "Set my lamp to ",
        "userDefined": false
      },
      {
        "text": "yellow",
        "alias": "LightColor",
        "meta": "@sys.color",
        "userDefined": false
      }
    ],
    "isTemplate": false,
    "count": 0
  },
  {
    "id": "4ef97209-9710-47e2-b639-d147d2a252ea",
    "data": [
      {
        "text": "switch it to ",
        "userDefined": false
      },
      {
        "text": "red",
        "alias": "LightColor",
        "meta": "@sys.color",
        "userDefined": true
      }
    ],
    "isTemplate": false,
    "count": 0
  },
  {
    "id": "0c7e8d82-3a37-4ff8-b870-895d9cdae599",
    "data": [
      {
        "text": "set the light ",
        "userDefined": false
      },
      {
        "text": "green",
        "alias": "LightColor",
        "meta": "@sys.color",
        "userDefined": true
      }
    ],
    "isTemplate": false,
    "count": 0
  },
  {
    "id": "fae0ae7c-83f6-4167-96da-485822990643",
    "data": [
      {
        "text": "Make ",
        "userDefined": false
      },
      {
        "text": "the room",
        "meta": "@sys.ignore",
        "userDefined": false
      },
      {
        "text": " ",
        "userDefined": false
      },
      {
        "text": "red",
        "alias": "LightColor",
        "meta": "@sys.color",
        "userDefined": true
      },
      {
        "text": ".",
        "userDefined": false
      }
    ],
    "isTemplate": false,
    "count": 0
  },
  {
    "id": "bf25e8cb-0683-44f5-831a-44badfa2c004",
    "data": [
      {
        "text": "switch",
        "meta": "@sys.ignore",
        "userDefined": false
      },
      {
        "text": " its light to ",
        "userDefined": false
      },
      {
        "text": "red",
        "alias": "LightColor",
        "meta": "@sys.color",
        "userDefined": true
      }
    ],
    "isTemplate": false,
    "count": 0
  },
  {
    "id": "ac32d917-d517-4331-8e57-af060ae36a84",
    "data": [
      {
        "text": "set ",
        "userDefined": false
      },
      {
        "text": "to",
        "meta": "@sys.ignore",
        "userDefined": false
      },
      {
        "text": " ",
        "userDefined": false
      },
      {
        "text": "pale blue",
        "alias": "LightColor",
        "meta": "@sys.color",
        "userDefined": false
      }
    ],
    "isTemplate": false,
    "count": 0
  }
]