[
  {
    "id": "84880b2f-e303-4c2d-a4c9-0ee3496f6983",
    "data": [
      {
        "text": "looping for the list",
        "userDefined": false
      }
    ],
    "isTemplate": false,
    "count": 0
  },
  {
    "id": "744223fc-d471-4bda-8eda-e08fd8f2aa1b",
    "data": [
      {
        "text": "looping the ",
        "userDefined": false
      },
      {
        "text": "playlist",
        "meta": "@sys.ignore",
        "userDefined": false
      }
    ],
    "isTemplate": false,
    "count": 0
  },
  {
    "id": "78beba19-7a4b-433a-a4dd-6df37b62b8b6",
    "data": [
      {
        "text": "Loop through the ",
        "userDefined": false
      },
      {
        "text": "playlist",
        "meta": "@sys.ignore",
        "userDefined": false
      }
    ],
    "isTemplate": false,
    "count": 0
  },
  {
    "id": "dfc4cdba-4f97-40c5-9a9b-b045c6d5a878",
    "data": [
      {
        "text": "Loop ",
        "userDefined": false
      },
      {
        "text": "playlist",
        "meta": "@sys.ignore",
        "userDefined": false
      }
    ],
    "isTemplate": false,
    "count": 0
  },
  {
    "id": "cd81fbd4-e2f0-48ff-ac0f-61f4b51f1366",
    "data": [
      {
        "text": "loop the ",
        "userDefined": false
      },
      {
        "text": "playlist",
        "meta": "@sys.ignore",
        "userDefined": false
      }
    ],
    "isTemplate": false,
    "count": 0
  },
  {
    "id": "717561bc-4e4c-444b-9ea0-361a28bf043a",
    "data": [
      {
        "text": "loop the ",
        "userDefined": false
      },
      {
        "text": "album",
        "meta": "@sys.ignore",
        "userDefined": false
      }
    ],
    "isTemplate": false,
    "count": 0
  }
]