[
  {
    "id": "69ce5019-37b1-49e6-a841-19defc653479",
    "data": [
      {
        "text": "back",
        "userDefined": false
      }
    ],
    "isTemplate": false,
    "count": 0,
    "updated": 0
  },
  {
    "id": "f92cec99-3b12-497e-aeef-ffc4cf9b8f67",
    "data": [
      {
        "text": "go back",
        "userDefined": false
      }
    ],
    "isTemplate": false,
    "count": 0,
    "updated": 0
  },
  {
    "id": "951a8275-4027-480e-adc4-3091f8480135",
    "data": [
      {
        "text": "go back to previous song",
        "userDefined": false
      }
    ],
    "isTemplate": false,
    "count": 0,
    "updated": 0
  },
  {
    "id": "33ec27b5-9658-4622-84c6-3594524a2ae9",
    "data": [
      {
        "text": "skip to the back",
        "userDefined": false
      }
    ],
    "isTemplate": false,
    "count": 0,
    "updated": 0
  },
  {
    "id": "bc40d00d-c177-451e-bdbc-07429f1f7e10",
    "data": [
      {
        "text": "go back to previous",
        "userDefined": false
      }
    ],
    "isTemplate": false,
    "count": 0,
    "updated": 0
  },
  {
    "id": "8a80c8aa-cac6-4038-8b2a-91c8d3dc22fa",
    "data": [
      {
        "text": "previous song",
        "userDefined": false
      }
    ],
    "isTemplate": false,
    "count": 1,
    "updated": 0
  },
  {
    "id": "09c12e37-0a54-4151-bf77-dbd529970f0b",
    "data": [
      {
        "text": "back",
        "meta": "@sys.ignore",
        "userDefined": true
      },
      {
        "text": " ",
        "userDefined": false
      },
      {
        "text": "up",
        "meta": "@sys.ignore",
        "userDefined": true
      },
      {
        "text": " a ",
        "userDefined": false
      },
      {
        "text": "track",
        "meta": "@sys.ignore",
        "userDefined": true
      }
    ],
    "isTemplate": false,
    "count": 0,
    "updated": 0
  },
  {
    "id": "85ca7070-6141-46b0-b3f1-d0b3de531774",
    "data": [
      {
        "text": "skip to the previous song",
        "userDefined": false
      }
    ],
    "isTemplate": false,
    "count": 0,
    "updated": 0
  },
  {
    "id": "05ce1e38-b234-4bd7-a9a9-d9488a3b14a3",
    "data": [
      {
        "text": "go back to previous station",
        "userDefined": false
      }
    ],
    "isTemplate": false,
    "count": 0,
    "updated": 0
  },
  {
    "id": "d4aab523-dbfe-4fec-8cf3-d59c66d05d06",
    "data": [
      {
        "text": "previous station",
        "userDefined": false
      }
    ],
    "isTemplate": false,
    "count": 0,
    "updated": 0
  },
  {
    "id": "5d1c370b-4aa7-4a33-b8e1-ecf650afe08d",
    "data": [
      {
        "text": "go to previous",
        "userDefined": false
      }
    ],
    "isTemplate": false,
    "count": 0,
    "updated": 0
  },
  {
    "id": "f51a867e-023c-4fc3-aec8-f2c9293a1cb4",
    "data": [
      {
        "text": "previous",
        "userDefined": false
      }
    ],
    "isTemplate": false,
    "count": 0,
    "updated": 0
  },
  {
    "id": "bc8881e6-5522-4ba9-923d-bed5c2fe88af",
    "data": [
      {
        "text": "skip ",
        "userDefined": false
      },
      {
        "text": "to",
        "meta": "@sys.ignore",
        "userDefined": true
      },
      {
        "text": " previous",
        "userDefined": false
      }
    ],
    "isTemplate": false,
    "count": 0,
    "updated": 0
  },
  {
    "id": "834b3b83-9624-4dfc-8538-88f1cff97077",
    "data": [
      {
        "text": "skip backward",
        "userDefined": false
      }
    ],
    "isTemplate": false,
    "count": 0,
    "updated": 0
  },
  {
    "id": "af900949-874e-49c3-9697-51f72d322549",
    "data": [
      {
        "text": "skip back",
        "userDefined": false
      }
    ],
    "isTemplate": false,
    "count": 0,
    "updated": 0
  }
]