[
  {
    "id": "098688d6-e215-4cdb-85fb-7c19aea48b4f",
    "data": [
      {
        "text": "continue the ",
        "userDefined": false
      },
      {
        "text": "music",
        "meta": "@sys.ignore",
        "userDefined": false
      }
    ],
    "isTemplate": false,
    "count": 0,
    "updated": 0
  },
  {
    "id": "1dc99e65-8035-4be6-80e4-413699a33579",
    "data": [
      {
        "text": "restart ",
        "userDefined": false
      },
      {
        "text": "music",
        "meta": "@sys.ignore",
        "userDefined": true
      }
    ],
    "isTemplate": false,
    "count": 0,
    "updated": 0
  },
  {
    "id": "a4f54cdc-d05d-4829-b746-35a2b3d76679",
    "data": [
      {
        "text": "start",
        "meta": "@sys.ignore",
        "userDefined": true
      },
      {
        "text": " ",
        "userDefined": false
      },
      {
        "text": "music",
        "meta": "@sys.ignore",
        "userDefined": true
      },
      {
        "text": " again",
        "userDefined": false
      }
    ],
    "isTemplate": false,
    "count": 0,
    "updated": 0
  },
  {
    "id": "a28c5ea6-62c9-400a-9200-fb8dcabc2964",
    "data": [
      {
        "text": "resume ",
        "userDefined": false
      },
      {
        "text": "music",
        "meta": "@sys.ignore",
        "userDefined": false
      }
    ],
    "isTemplate": false,
    "count": 0,
    "updated": 0
  },
  {
    "id": "1210be32-c757-4f42-8843-84e3c73525b7",
    "data": [
      {
        "text": "resume playing",
        "userDefined": false
      }
    ],
    "isTemplate": false,
    "count": 0,
    "updated": 0
  },
  {
    "id": "f7489243-af09-4341-8d13-11f507feaf9c",
    "data": [
      {
        "text": "resume ",
        "userDefined": false
      },
      {
        "text": "it",
        "meta": "@sys.ignore",
        "userDefined": false
      }
    ],
    "isTemplate": false,
    "count": 0,
    "updated": 0
  },
  {
    "id": "9533b6e7-0d0e-4383-a1c2-8ed54fe4487b",
    "data": [
      {
        "text": "continue",
        "userDefined": false
      }
    ],
    "isTemplate": false,
    "count": 0,
    "updated": 0
  },
  {
    "id": "85ba289b-67b5-4165-8155-9b9e6c3ff7dc",
    "data": [
      {
        "text": "resume",
        "userDefined": false
      }
    ],
    "isTemplate": false,
    "count": 0,
    "updated": 0
  },
  {
    "id": "a94298ba-e870-41a8-a562-714b581c0bef",
    "data": [
      {
        "text": "continue playing",
        "userDefined": false
      }
    ],
    "isTemplate": false,
    "count": 0,
    "updated": 0
  },
  {
    "id": "eed49d6b-c334-4bd9-8c2a-540427feb903",
    "data": [
      {
        "text": "resume this song",
        "userDefined": false
      }
    ],
    "isTemplate": false,
    "count": 0,
    "updated": 0
  }
]