[
  {
    "id": "2159b6b5-cf34-4d0f-af50-892c3c1049fa",
    "data": [
      {
        "text": "Play",
        "meta": "@sys.ignore",
        "userDefined": false
      },
      {
        "text": " music randomly",
        "userDefined": false
      }
    ],
    "isTemplate": false,
    "count": 0
  },
  {
    "id": "7a52aa91-18d7-4a3c-b827-62fe4f12521a",
    "data": [
      {
        "text": "shuffle the ",
        "userDefined": false
      },
      {
        "text": "playlist",
        "meta": "@sys.ignore",
        "userDefined": false
      }
    ],
    "isTemplate": false,
    "count": 0
  },
  {
    "id": "306da1a0-6878-48cf-98c5-b7e5d1fd7dd9",
    "data": [
      {
        "text": "shuffle the list",
        "userDefined": false
      }
    ],
    "isTemplate": false,
    "count": 0
  },
  {
    "id": "a9768c36-1168-4551-9fd2-237428033f38",
    "data": [
      {
        "text": "shuffle ",
        "userDefined": false
      },
      {
        "text": "it",
        "meta": "@sys.ignore",
        "userDefined": false
      }
    ],
    "isTemplate": false,
    "count": 0
  },
  {
    "id": "59689ed9-d053-4c18-8851-301f23e030cc",
    "data": [
      {
        "text": "to the shuffle mode",
        "userDefined": false
      }
    ],
    "isTemplate": false,
    "count": 0
  },
  {
    "id": "55e57053-0465-4efa-ac56-5edddf1bda8e",
    "data": [
      {
        "text": "shuffle them",
        "userDefined": false
      }
    ],
    "isTemplate": false,
    "count": 0,
    "updated": 0
  },
  {
    "id": "f729dbdb-91c8-4256-829c-96415accb8bc",
    "data": [
      {
        "text": "turn on shuffle mode",
        "userDefined": false
      }
    ],
    "isTemplate": false,
    "count": 0,
    "updated": 0
  },
  {
    "id": "09aa3f6b-bf50-45a0-8002-337dda91ea34",
    "data": [
      {
        "text": "shuffle this playlist",
        "userDefined": false
      }
    ],
    "isTemplate": false,
    "count": 0,
    "updated": 0
  },
  {
    "id": "8fa5d737-9729-4be1-9e4a-53c690f91278",
    "data": [
      {
        "text": "shuffle",
        "userDefined": false
      }
    ],
    "isTemplate": false,
    "count": 0,
    "updated": 0
  },
  {
    "id": "89e4a678-8732-4401-8578-719c14fe8e20",
    "data": [
      {
        "text": "shuffle mode on",
        "userDefined": false
      }
    ],
    "isTemplate": false,
    "count": 0,
    "updated": 0
  }
]