[
  {
    "id": "398bb315-be6a-4b5c-b8d6-4c16de4df321",
    "data": [
      {
        "text": "2",
        "alias": "number",
        "meta": "@sys.number",
        "userDefined": true
      }
    ],
    "isTemplate": false,
    "count": 0
  },
  {
    "id": "36612b18-f076-48ad-891e-2a04ec5fe361",
    "data": [
      {
        "text": "show me the ",
        "userDefined": false
      },
      {
        "text": "second",
        "alias": "number",
        "meta": "@sys.number",
        "userDefined": false
      },
      {
        "text": " one",
        "userDefined": false
      }
    ],
    "isTemplate": false,
    "count": 0
  },
  {
    "id": "c81c5b9e-33b0-442c-8e82-d9513fa1f785",
    "data": [
      {
        "text": "1",
        "alias": "number",
        "meta": "@sys.number",
        "userDefined": true
      }
    ],
    "isTemplate": false,
    "count": 0
  },
  {
    "id": "05b8df80-be68-4371-a4eb-e802bbf68c16",
    "data": [
      {
        "text": "the ",
        "userDefined": false
      },
      {
        "text": "1st",
        "alias": "number",
        "meta": "@sys.number",
        "userDefined": true
      },
      {
        "text": " choice",
        "userDefined": false
      }
    ],
    "isTemplate": false,
    "count": 0
  },
  {
    "id": "20566235-c227-4b69-a11a-64673f2bf421",
    "data": [
      {
        "text": "the ",
        "userDefined": false
      },
      {
        "text": "3rd",
        "alias": "number",
        "meta": "@sys.number",
        "userDefined": true
      },
      {
        "text": " one",
        "userDefined": false
      }
    ],
    "isTemplate": false,
    "count": 0
  },
  {
    "id": "d1be6afe-b439-4e55-b3d8-e678786e1c78",
    "data": [
      {
        "text": "3",
        "alias": "number",
        "meta": "@sys.number",
        "userDefined": false
      }
    ],
    "isTemplate": false,
    "count": 0
  },
  {
    "id": "07ae2caa-d35b-45c6-b973-823107bbee87",
    "data": [
      {
        "text": "second",
        "alias": "number",
        "meta": "@sys.number",
        "userDefined": false
      },
      {
        "text": " one",
        "userDefined": false
      }
    ],
    "isTemplate": false,
    "count": 0
  },
  {
    "id": "8a28457b-38fa-4bc5-924c-ae3cd221caec",
    "data": [
      {
        "text": "3rd",
        "alias": "number",
        "meta": "@sys.number",
        "userDefined": true
      },
      {
        "text": " album please",
        "userDefined": false
      }
    ],
    "isTemplate": false,
    "count": 0
  }
]